631397d4-8b63-4bf0-967c-bd67fa545b08	wound_care	medicare
cfa6b57a-8528-4bb1-8d26-5265cafd9b19	wound_care	medicare
c441ea38-0ae6-453d-9b1f-4f6095761a23	dialysis	medicare
2b37e054-d64a-45e3-8b34-2b714c42974a	dialysis	medicare
f1daf406-9db2-463b-8c8a-df73151de3c6	dialysis	medicare
570ff6bb-ad61-4e55-bb07-d47f7ab5f106	dialysis	medicaid
b4848265-6de8-4a70-9ed4-6164078a1675	dialysis	medicaid
d4d66c76-af63-4674-ba72-4ce0ba942adf	dialysis	medicare
02a91450-3dd9-4102-8a1e-ba342b8fb1c5	dialysis	medicare
50d2e9a2-a284-42d0-b94e-6878dafa279e	dialysis	medicare
c07f7760-da12-4255-97f1-25cbc74730a7	dialysis	medicare
43c58494-2253-41cf-935e-2dacc581ccf7	dialysis	medicare
7ba131b2-7c5b-4d76-8ff7-1c4c8224beaa	wound_care	medicare
eddcbddd-b90c-4611-ae55-c2f015637851	wound_care	medicare
0d07f136-6acb-4f0c-ab30-71edcd7d1bec	dialysis	medicare
0d8585d0-2f76-4ae6-99a1-e6fceff8d613	dialysis	medicare
8a203a0d-6278-4260-b3fc-54532b59a6ae	dialysis	medicaid
65e5f2a2-9c00-4549-add7-29da3c4d950e	dialysis	medicaid
ebd3c4cb-4722-4419-be34-6d891d808721	discharge	medicaid
973b96b7-1c73-41f2-9fe9-80d9735a3478	wound_care	medicare
7ce6832f-0a5d-453b-90c9-bc36e511c240	wound_care	medicare
50eaaab2-3a09-4a38-85a2-fd29a542741f	dialysis	medicare
547feb61-d126-4a32-a52f-4af6f687bd02	dialysis	medicare
96fe3788-c523-4c76-a4f7-108bc0ebc5fb	dialysis	medicaid
faa62151-fcd2-4942-a852-ff900398438e	dialysis	medicaid
0920008c-9d0c-463e-b6e7-15f743f2a888	dialysis	medicare
3534056d-6ea5-41ba-ba73-4423dfd04159	dialysis	medicare
82f5a714-c774-4fcf-84d9-de492621a85e	dialysis	medicare
6e397291-1e85-4cf2-83e0-5843a719c4ba	dialysis	medicare
4e178a37-70d2-4567-b5b2-9e4e89d62deb	dialysis	medicare
abd6dc96-0b2e-4bef-ad4b-fc0f78eca56f	dialysis	medicare
cf94c2e4-6f81-43da-a321-4c2f67e42069	dialysis	medicaid
8e90c626-cec0-4ce0-9d60-9e09c6d78cfc	dialysis	medicaid
