506b1404-3bbd-4333-a122-30c547c12ac1	dialysis	medicare
a88c63bf-2826-45ee-9a60-22022680f79c	dialysis	medicare
ebfa890f-bbb5-4243-bf49-e2a78e56cdc5	psych	medicaid
fb3db42d-4c01-4cf4-bf40-75d0c3a73e0d	outpatient	self_pay
034277a9-e9d4-4d18-ad7a-6ad3f1c507a1	discharge	medicare
1c5ebf24-69e4-4b77-ab88-1762b3e8b801	ift	medicare
1048958a-b36a-4c75-9b91-d33a26b38f9a	dialysis	medicare
3c0d8043-ffbe-462e-ab28-a2166e209ac1	wound_care	medicare
e254800c-ce0e-4ec2-ba55-9d33ac1c71c3	dialysis	medicaid
8926ebb9-6990-44c3-9a91-87f651404931	dialysis	medicare
