105c1196-6850-4996-88b7-04a0c421338c	discharge	medicaid
d89eed46-03ab-4057-b7bb-939e896e529a	outpatient	medicare
696cf19a-8c6a-4f88-8a0f-a165db1e67d6	wound_care	medicaid
62b37853-35c5-49d6-b57d-456ec1b1a65f	ift	commercial
9bb08777-53f1-48a7-a0bc-ca13ebc054e2	outpatient	medicare
e1048fee-4996-4611-bffc-95ceb3074c11	dialysis	medicare
f7dea814-3d67-4bdf-ad6d-a67f1bdc071e	wound_care	medicaid
e1af29da-90d8-4329-9d02-793b559f712e	psych	commercial
39f8e9af-bfce-40c0-8e55-413e204399a7	dialysis	medicare
60bc0eb1-a886-4acb-83e7-6ad0eeba51ab	discharge	medicaid
9773c1ad-256f-4081-a742-353c25a20985	ift	commercial
d6de6cd4-0e8c-4293-84a0-65752e406a5e	outpatient	medicare
eb950d0f-0b9b-4d57-903e-82ccc42fbd7d	wound_care	medicaid
56eb2378-7e8e-4813-8d99-17b2fac9911b	psych	commercial
45420bc3-cf20-4126-8246-748b069261e5	dialysis	medicare
304d1410-6453-4d97-b59a-58204d215f52	discharge	medicaid
1cf7adca-8d49-43d2-85a6-4e4fdc02a5e6	ift	commercial
a7dd179a-3c78-46e1-aa0a-9355e4eba1d6	outpatient	medicare
af5fb02f-b209-4438-8ca9-d6a540dbc227	wound_care	medicaid
6645b5ac-2dcd-4b5e-9e5f-0e45eac003a4	psych	commercial
d13a3d01-e296-4112-8970-ac59ff46763a	dialysis	medicare
2f9671ad-5a41-48c5-a8e8-46576eae87fe	discharge	medicaid
7768da85-5b7f-4510-b758-4ec69352b4a1	ift	commercial
abfd8c19-afbc-49aa-84fb-925fb0116a26	psych	commercial
b47e3e82-08f5-44d8-bcca-409d1c65fff0	dialysis	medicare
af1daa06-a619-4c56-9eef-1b298de26ea0	discharge	medicaid
6682e34e-5100-4a63-9df3-247a69ef4950	dialysis	null
8efa0bcb-fbf8-4704-ac0b-a8e647db9ceb	dialysis	null
824fff59-61e3-47f2-ba9f-fb8e375c10a7	dialysis	medicare
